Drug,r,n
DMSO,-0.4437321223423542,13
DACTI,-0.8452363887924541,16
PLICA,-0.19368691947563785,24
GEMCI,0.2471846422602652,23
VINC,0.00955053160367521,20
