Drug,r,n
DMSO,-0.4699132452829245,13
DACTI,-0.829219478113407,16
PLICA,-0.20472026204173402,21
GEMCI,0.08911080869410551,22
VINC,0.15271587905796324,18
