pearson_r,linear_slope,linear_intercept,linear_r_squared,n_wells
-0.8856932337582346,-3260.2108270534577,319697.7823379521,0.7844525043251189,96
