pearson_r,linear_slope,linear_intercept,linear_r_squared,n_wells
-0.7662982338504936,-2531.7414028516655,308770.09827397956,0.5872129832023856,90
